<?xml version="1.0" encoding="UTF-8"?>
<project-private xmlns="http://www.netbeans.org/ns/project-private/1">
    <editor-bookmarks xmlns="http://www.netbeans.org/ns/editor-bookmarks/2" lastBookmarkId="0"/>
    <open-files xmlns="http://www.netbeans.org/ns/projectui-open-files/2">
        <group name="Chat">
            <file>file:/D:/Chat_Client/Chat_Client/src/login.java</file>
            <file>file:/D:/Chat_Client/Chat_Client/src/chat_client/client_frame.java</file>
            <file>file:/D:/Chat_Client/Chat_Client/src/setting.java</file>
        </group>
        <group>
            <file>file:/D:/Chat_Client/Chat_Client/src/chat_client/client_frame.java</file>
        </group>
    </open-files>
</project-private>
